Petal.Width,Predicted_Petal.Length
0.2,1.529546131874884
1.0,3.3134985279723743
2.0,5.543439023094237
