hp,wt,Predicted_MPG
100,2.5,18.57542085903997
120,2.8,15.98615026962679
150,3.0,12.998471378226172
